{
    "acc_top1": 93.87937927246094,
    "acc_top5": 99.62181854248047,
    "loss": 0.3380764126777649
}