{
    "acc_top1": 92.10787963867188,
    "acc_top5": 99.66162109375,
    "loss": 0.3242333233356476
}