{
    "acc_top1": 94.08837890625,
    "acc_top5": 99.7213363647461,
    "loss": 0.24804672598838806
}