{
    "acc_top1": 94.21775817871094,
    "acc_top5": 99.78105163574219,
    "loss": 0.28271591663360596
}