{
    "acc_top1": 68.125,
    "acc_top5": 97.6953125,
    "loss": 0.9650827646255493
}