{
    "acc_top1": 78.10546875,
    "acc_top5": 98.14453125,
    "loss": 0.9986745119094849
}