{
    "acc_top1": 19.66796875,
    "acc_top5": 48.046875,
    "loss": 3.316269874572754
}