{
    "acc_top1": 34.765625,
    "acc_top5": 64.2578125,
    "loss": 3.0367722511291504
}