{
    "acc_top1": 67.79458618164062,
    "acc_top5": 90.21695709228516,
    "loss": 1.2360329627990723
}