{
    "acc_top1": 71.32762908935547,
    "acc_top5": 92.05812072753906,
    "loss": 1.068372368812561
}