{
    "acc_top1": 73.31806945800781,
    "acc_top5": 91.59036254882812,
    "loss": 1.1203181743621826
}