{
    "acc_top1": 73.0195083618164,
    "acc_top5": 91.50079345703125,
    "loss": 1.0710266828536987
}